char,romaji,strokeOrder,audio
ア,a,/assets/strokes/katakana/ア.gif,/assets/audio/katakana/あ.mp3
イ,i,/assets/strokes/katakana/イ.gif,/assets/audio/katakana/い.mp3
ウ,u,/assets/strokes/katakana/ウ.gif,/assets/audio/katakana/う.mp3
エ,e,/assets/strokes/katakana/エ.gif,/assets/audio/katakana/え.mp3
オ,o,/assets/strokes/katakana/オ.gif,/assets/audio/katakana/お.mp3
カ,ka,/assets/strokes/katakana/カ.gif,/assets/audio/katakana/か.mp3
キ,ki,/assets/strokes/katakana/キ.gif,/assets/audio/katakana/き.mp3
ク,ku,/assets/strokes/katakana/ク.gif,/assets/audio/katakana/く.mp3
ケ,ke,/assets/strokes/katakana/ケ.gif,/assets/audio/katakana/け.mp3
コ,ko,/assets/strokes/katakana/コ.gif,/assets/audio/katakana/こ.mp3
ガ,ga,/assets/strokes/katakana/ガ.gif,/assets/audio/katakana/が.mp3
ギ,gi,/assets/strokes/katakana/ギ.gif,/assets/audio/katakana/ぎ.mp3
グ,gu,/assets/strokes/katakana/グ.gif,/assets/audio/katakana/ぐ.mp3
ゲ,ge,/assets/strokes/katakana/ゲ.gif,/assets/audio/katakana/げ.mp3
ゴ,go,/assets/strokes/katakana/ゴ.gif,/assets/audio/katakana/ご.mp3
サ,sa,/assets/strokes/katakana/サ.gif,/assets/audio/katakana/さ.mp3
シ,shi,/assets/strokes/katakana/シ.gif,/assets/audio/katakana/し.mp3
ス,su,/assets/strokes/katakana/ス.gif,/assets/audio/katakana/す.mp3
セ,se,/assets/strokes/katakana/セ.gif,/assets/audio/katakana/せ.mp3
ソ,so,/assets/strokes/katakana/ソ.gif,/assets/audio/katakana/そ.mp3
ザ,za,/assets/strokes/katakana/ザ.gif,/assets/audio/katakana/ざ.mp3
ジ,ji,/assets/strokes/katakana/ジ.gif,/assets/audio/katakana/じ.mp3
ズ,zu,/assets/strokes/katakana/ズ.gif,/assets/audio/katakana/ず.mp3
ゼ,ze,/assets/strokes/katakana/ゼ.gif,/assets/audio/katakana/ぜ.mp3
ゾ,zo,/assets/strokes/katakana/ゾ.gif,/assets/audio/katakana/ぞ.mp3
タ,ta,/assets/strokes/katakana/タ.gif,/assets/audio/katakana/た.mp3
チ,chi,/assets/strokes/katakana/チ.gif,/assets/audio/katakana/ち.mp3
ツ,tsu,/assets/strokes/katakana/ツ.gif,/assets/audio/katakana/つ.mp3
テ,te,/assets/strokes/katakana/テ.gif,/assets/audio/katakana/て.mp3
ト,to,/assets/strokes/katakana/ト.gif,/assets/audio/katakana/と.mp3
ダ,da,/assets/strokes/katakana/ダ.gif,/assets/audio/katakana/だ.mp3
ヂ,ji,/assets/strokes/katakana/ヂ.gif,/assets/audio/katakana/ぢ.mp3
ヅ,zu,/assets/strokes/katakana/ヅ.gif,/assets/audio/katakana/づ.mp3
デ,de,/assets/strokes/katakana/デ.gif,/assets/audio/katakana/で.mp3
ド,do,/assets/strokes/katakana/ド.gif,/assets/audio/katakana/ど.mp3
ナ,na,/assets/strokes/katakana/ナ.gif,/assets/audio/katakana/な.mp3
ニ,ni,/assets/strokes/katakana/ニ.gif,/assets/audio/katakana/に.mp3
ヌ,nu,/assets/strokes/katakana/ヌ.gif,/assets/audio/katakana/ぬ.mp3
ネ,ne,/assets/strokes/katakana/ネ.gif,/assets/audio/katakana/ね.mp3
ノ,no,/assets/strokes/katakana/ノ.gif,/assets/audio/katakana/の.mp3
ハ,ha,/assets/strokes/katakana/ハ.gif,/assets/audio/katakana/は.mp3
ヒ,hi,/assets/strokes/katakana/ヒ.gif,/assets/audio/katakana/ひ.mp3
フ,fu,/assets/strokes/katakana/フ.gif,/assets/audio/katakana/ふ.mp3
ヘ,he,/assets/strokes/katakana/ヘ.gif,/assets/audio/katakana/へ.mp3
ホ,ho,/assets/strokes/katakana/ホ.gif,/assets/audio/katakana/ほ.mp3
バ,ba,/assets/strokes/katakana/バ.gif,/assets/audio/katakana/ば.mp3
ビ,bi,/assets/strokes/katakana/ビ.gif,/assets/audio/katakana/び.mp3
ブ,bu,/assets/strokes/katakana/ブ.gif,/assets/audio/katakana/ぶ.mp3
ベ,be,/assets/strokes/katakana/ベ.gif,/assets/audio/katakana/べ.mp3
ボ,bo,/assets/strokes/katakana/ボ.gif,/assets/audio/katakana/ぼ.mp3
パ,pa,/assets/strokes/katakana/パ.gif,/assets/audio/katakana/ぱ.mp3
ピ,pi,/assets/strokes/katakana/ピ.gif,/assets/audio/katakana/ぴ.mp3
プ,pu,/assets/strokes/katakana/プ.gif,/assets/audio/katakana/ぷ.mp3
ペ,pe,/assets/strokes/katakana/ペ.gif,/assets/audio/katakana/ぺ.mp3
ポ,po,/assets/strokes/katakana/ポ.gif,/assets/audio/katakana/ぽ.mp3
マ,ma,/assets/strokes/katakana/マ.gif,/assets/audio/katakana/ま.mp3
ミ,mi,/assets/strokes/katakana/ミ.gif,/assets/audio/katakana/み.mp3
ム,mu,/assets/strokes/katakana/ム.gif,/assets/audio/katakana/む.mp3
メ,me,/assets/strokes/katakana/メ.gif,/assets/audio/katakana/め.mp3
モ,mo,/assets/strokes/katakana/モ.gif,/assets/audio/katakana/も.mp3
ヤ,ya,/assets/strokes/katakana/ヤ.gif,/assets/audio/katakana/や.mp3
ユ,yu,/assets/strokes/katakana/ユ.gif,/assets/audio/katakana/ゆ.mp3
ヨ,yo,/assets/strokes/katakana/ヨ.gif,/assets/audio/katakana/よ.mp3
ラ,ra,/assets/strokes/katakana/ラ.gif,/assets/audio/katakana/ら.mp3
リ,ri,/assets/strokes/katakana/リ.gif,/assets/audio/katakana/り.mp3
ル,ru,/assets/strokes/katakana/ル.gif,/assets/audio/katakana/る.mp3
レ,re,/assets/strokes/katakana/レ.gif,/assets/audio/katakana/れ.mp3
ロ,ro,/assets/strokes/katakana/ロ.gif,/assets/audio/katakana/ろ.mp3
ワ,wa,/assets/strokes/katakana/ワ.gif,/assets/audio/katakana/わ.mp3
ヲ,wo,/assets/strokes/katakana/ヲ.gif,/assets/audio/katakana/を.mp3
ン,n,/assets/strokes/katakana/ン.gif,/assets/audio/katakana/ん.mp3